{
  "zscore_k3": {
    "confusion": {
      "tp": 4,
      "fp": 4,
      "tn": 9662,
      "fn": 410
    },
    "precision": 0.5,
    "recall": 0.00966183574879227,
    "f1": 0.01895734597156398,
    "fpr": 0.0004138216428719222,
    "alerts_per_day": 1.1428571428571428
  },
  "iqr_k15": {
    "confusion": {
      "tp": 3,
      "fp": 3,
      "tn": 9663,
      "fn": 411
    },
    "precision": 0.5,
    "recall": 0.007246376811594203,
    "f1": 0.014285714285714285,
    "fpr": 0.00031036623215394165,
    "alerts_per_day": 0.8571428571428571
  }
}